{"cameraMode":{"drawMode":0,"name":"Shaded","section":"Shading Mode"},"sceneLighting":true,"audioPlay":false,"sceneViewState":{"showFog":true,"showMaterialUpdate":false,"showSkybox":false,"showFlares":true,"showImageEffects":true,"showParticleSystems":true},"in2DMode":false,"pivot":{"x":-0.26782986521720889,"y":0.06463170051574707,"z":0.08245968818664551},"rotation":{"x":-0.0363667756319046,"y":-0.958971381187439,"z":0.24109937250614167,"w":-0.14464835822582246},"size":172.94729614257813,"orthographic":false}