{"cameraMode":{"drawMode":0,"name":"Shaded","section":"Shading Mode"},"sceneLighting":false,"audioPlay":false,"sceneViewState":{"showFog":true,"showMaterialUpdate":false,"showSkybox":false,"showFlares":true,"showImageEffects":true,"showParticleSystems":true},"in2DMode":false,"pivot":{"x":0.0003139972686767578,"y":-0.04691517353057861,"z":-0.006979525089263916},"rotation":{"x":-0.00017384770035278052,"y":-0.9896050095558167,"z":0.14380916953086854,"w":-0.0011958745308220387},"size":5.833051681518555,"orthographic":false}