{"cameraMode":{"drawMode":0,"name":"Shaded","section":"Shading Mode"},"sceneLighting":false,"audioPlay":false,"sceneViewState":{"showFog":true,"showMaterialUpdate":false,"showSkybox":false,"showFlares":true,"showImageEffects":true,"showParticleSystems":true},"in2DMode":false,"pivot":{"x":0.00002658367156982422,"y":-0.10065129399299622,"z":-0.03481784090399742},"rotation":{"x":-0.00017384770035278052,"y":-0.9896050095558167,"z":0.14380916953086854,"w":-0.0011958745308220387},"size":4.306034564971924,"orthographic":false}