{"cameraMode":{"drawMode":0,"name":"Shaded","section":"Shading Mode"},"sceneLighting":true,"audioPlay":false,"sceneViewState":{"showFog":false,"showMaterialUpdate":false,"showSkybox":true,"showFlares":false,"showImageEffects":false,"showParticleSystems":false},"in2DMode":false,"pivot":{"x":-0.9076566696166992,"y":1.3318204879760743,"z":-1.0450472831726075},"rotation":{"x":0.03841628134250641,"y":0.9289742708206177,"z":-0.10071317106485367,"w":0.354139119386673},"size":992.3588256835938,"orthographic":false}