{"cameraMode":{"drawMode":0,"name":"Shaded","section":"Shading Mode"},"sceneLighting":true,"audioPlay":false,"sceneViewState":{"showFog":false,"showMaterialUpdate":false,"showSkybox":false,"showFlares":false,"showImageEffects":false,"showParticleSystems":false},"in2DMode":false,"pivot":{"x":3.7530994415283205,"y":103.47782897949219,"z":18.252065658569337},"rotation":{"x":0.14236295223236085,"y":0.7473880648612976,"z":-0.6263291239738464,"w":0.16987906396389008},"size":134.02548217773438,"orthographic":false}