{"cameraMode":{"drawMode":0,"name":"Shaded","section":"Shading Mode"},"sceneLighting":false,"audioPlay":false,"sceneViewState":{"showFog":false,"showMaterialUpdate":false,"showSkybox":false,"showFlares":false,"showImageEffects":false,"showParticleSystems":false},"in2DMode":false,"pivot":{"x":-0.0372157096862793,"y":0.3885166645050049,"z":-0.037844061851501468},"rotation":{"x":0.06699465960264206,"y":-0.11557789891958237,"z":0.007813249714672566,"w":0.9910068511962891},"size":3.4804840087890627,"orthographic":false}